{
  "controller/Object-dbg.controller.js": 1660121202952,
  "controller/App.controller.js": 1660121202948,
  "utils/locate-reuse-libs.js": 1660121202940,
  "model/models.js": 1660121202944,
  "model/formatter.js": 1660121202956,
  "controller/Worklist.controller.js": 1660121202956,
  "controller/Object.controller.js": 1660121202952,
  "controller/NotFound.controller.js": 1660121202952,
  "controller/ErrorHandler.js": 1660121202948,
  "controller/BaseController.js": 1660121202948,
  "manifest.json": 1660133865710,
  "Component.js": 1660121202936,
  "manifest-bundle.zip": 1660133865732,
  "Component-preload.js": 1660133866261,
  "utils/locate-reuse-libs-dbg.js": 1660121202940,
  "model/formatter-dbg.js": 1660121202956,
  "model/models-dbg.js": 1660121202944,
  "controller/Worklist-dbg.controller.js": 1660121202956,
  "i18n/i18n.properties": 1660121202940,
  "controller/NotFound-dbg.controller.js": 1660121202952,
  "controller/ErrorHandler-dbg.js": 1660121202948,
  "controller/BaseController-dbg.js": 1660121202948,
  "controller/App-dbg.controller.js": 1660121202948,
  "Component-dbg.js": 1660121202936,
  "view/Worklist.view.xml": 1660121202964,
  "view/ObjectNotFound.view.xml": 1660121202960,
  "view/Object.view.xml": 1660121202960,
  "view/NotFound.view.xml": 1660121202960,
  "view/App.view.xml": 1660121202960,
  "index.html": 1660121202936
}